A 220,CLA 250,C 300,C 300,E 300,E 450,E 450,CLS 450,S 450,S 580,S 560,GT Coupe,SL 450,SLC 300
A 220 4MATIC,AMG CLA 35,C300 4MATIC,C300 4MATIC,E 300 4MATIC,E 450 4MATIC,E 450 4MATIC All-Terrain,AMG CLS 53,S 500,S 650 Cabriolet,AMG S 63,GT Roadster,SL 550,AMG SLC 43
AMG A 35,AMG CLA 45,AMG C 43,AMG C 43,E 350,AMG E 53,E 63 S,AMG CLS 63 S,S 560,S 680,AMG S 65,GT S,AMG SL 55,
,AMG C 63,AMG C 63,E 350 4MATIC,S 580,GT C Coupe,AMG SL 63,
,AMG C 63 S,AMG C 63 S,E 450 4MATIC,S 580,GT C Roadster,AMG SL 65,
,AMG E 43,AMG S 63,GT R,
AMG E 53,AMG S 65,GT R Roadster,
AMG E 63,GT R Pro,
GT Black Series,
,GT 43 4-Door,
,GT 53 4-Door,
,GT 63 4-Door,
,GT 63 S 4-Door,


GLA 250,GLB 250,GLC 300,GLC 300 4MATIC,GLE 350,GLE 450,GLS 450,GLS 600,G 550,G 650 Landaulet,
GLA 250 4MATIC,GLB 250 4MATIC,GLC 300 4MATIC,AMG GLC 43,GLE 350 4MATIC,AMG GLE 43,GLS 550,G 550 4x4Â²,
AMG GLA 35,AMG GLB 35,GLC 350e 4MATIC,AMG GLC 63,GLE 450 4MATIC,AMG GLE 53,GLS 580,AMG G 63,
AMG GLA 45,AMG GLC 43,AMG GLC 63 S,GLE 580 4MATIC,AMG GLE 63 S,AMG GLS 63 ,
,AMG GLC 63,AMG GLE 53 4MATIC+ ,
,AMG GLC 63 S,AMG GLE 63 S 4MATIC+,

EQB 300 4MATIC,EQS 450+,
EQB 350 4MATIC,EQS 580,
,AMG EQS,